yk:ref/0226	006dc3739453a8693100b4c4805c64cb.jpg
yk:ref/0227	03a3dafbe8416c31ae9e7d65402291be.jpg
yk:ref/0228	100f441626e8e16c149c4c95c49d3677.jpg
yk:ref/0229	10755448d1b560366fffae02aad30c7b.jpg
yk:ref/0230	11a3ec9c8acab665160d29dc9e4f4c53.jpg
yk:ref/0231	12168341fc23874faad94dff80b8bef4.gif
yk:ref/0232	125e3babc58bc5b709663197fe134d92.jpg
yk:ref/0233	1279cb7b23a59d59017b7b133eb75900 (1).jpg
yk:ref/0234	1c8b1a7c9c4b46b3abafaeed891357cb.jpg
yk:ref/0235	1f5a969a8db6d137c13ee86e10e34d60.jpg
yk:ref/0236	2fc278697547212c8bc54f6a8d0f1874.jpg
yk:ref/0237	42bfea38f87add8e477002ba596ba590.jpg
yk:ref/0238	43c4884315b1739384a1d9d26a98ff1e.jpg
yk:ref/0239	461c2b2efd60a48958e8338969fc4d2e.jpg
yk:ref/0240	48efb31d57b0996363c7fca4e5a7d56f.jpg
yk:ref/0241	4f5fe9492be380b1896ab163133e2fe5.jpg
yk:ref/0242	6f1c998b88ac9fcfc3b0d033c10ad022.jpg
yk:ref/0243	78cb4ddb73065348eb902584821acd94.jpg
yk:ref/0244	8df0e00e88111a0f125d3e9692e858a5.jpg
yk:ref/0245	93e2c3142d5d9eae79824c18d06e54b5.jpg
yk:ref/0246	9ffee63af6f98e7c8256de1119f7f4d4.jpg
yk:ref/0247	a31b489565148dc15eae47ae64112671.jpg
yk:ref/0248	a90d6115341d682a5476d835e2cc665c.jpg
yk:ref/0249	ac9dfb96f7893c5424bcd9cd12be4deb.jpg
yk:ref/0250	adafc0aad6633f52a25e3ffb62875f2e.jpg
yk:ref/0251	b70d94e7d2d15f00e2841a9217dd39f7.jpg
yk:ref/0252	ba37ca9a959b3f9a1bb44db3be43c8d9 (1).jpg
yk:ref/0253	bba1f8c1318921306f362cc4408d2056.jpg
yk:ref/0254	bfc2ce816e358d6a87a728d1f61c8e22 (1).jpg
yk:ref/0255	c207f32ea1f2e0d5d824a0028485d83a.jpg
yk:ref/0256	ca809c35ec250bf5087f43780be163d3.jpg
yk:ref/0257	e02da95f43388589e89e8b5afeddf447.jpg
yk:ref/0258	e8d05eb033bcf95e7933d2e875b24bc4.jpg
yk:ref/0259	e9994ac6ce5d141ac25aa5d3ee91ff93.jpg
yk:ref/0260	f2b3e95b03390ca16c5213e096c85103.jpg
yk:ref/0261	f3aa8b1cf1228b638dbb1fd90eae077c.jpg
yk:ref/0262	f5aafd3c420e90ed72800f08cebf67d0.jpg
yk:ref/0263	fe4697c7fd1443b983c6291b589b7623.jpg
yk:ref/0264	fe66a298b8827f44c9e779ec749c2942.jpg
